Row Type,Action,Ad group,Campaign,Keyword status,Keyword,Type
Keyword,Add,fleek,Campaign Tiga,Enabled,penggugur kandungan,Broad match
Keyword,Add,storm,Campaign Tiga,Enabled,penggugur kandungan,Broad match
Keyword,Add,pages,Campaign Tiga,Enabled,penggugur kandungan,Broad match
Keyword,Add,fleek,Campaign Tiga #4,Enabled,penggugur kandungan,Broad match
Keyword,Add,storm,Campaign Tiga #4,Enabled,penggugur kandungan,Broad match
Keyword,Add,pages,Campaign Tiga #4,Enabled,penggugur kandungan,Broad match
Keyword,Add,netlify,Campaign Tiga #2,Enabled,penggugur kandungan,Broad match
Keyword,Add,netlify,Campaign Tiga #3,Enabled,penggugur kandungan,Broad match
Keyword,Add,fleek,Campaign Tiga #3,Enabled,penggugur kandungan,Broad match
Keyword,Add,netlify,Campaign Tiga,Enabled,penggugur kandungan,Broad match
Keyword,Add,netlify,Campaign Tiga #4,Enabled,penggugur kandungan,Broad match
Keyword,Add,fleek,Campaign Tiga #2,Enabled,penggugur kandungan,Broad match
Keyword,Add,storm,Campaign Tiga #2,Enabled,penggugur kandungan,Broad match
Keyword,Add,pages,Campaign Tiga #2,Enabled,penggugur kandungan,Broad match
Keyword,Add,storm,Campaign Tiga #3,Enabled,penggugur kandungan,Broad match
Keyword,Add,pages,Campaign Tiga #3,Enabled,penggugur kandungan,Broad match
