Ad status,Final URL,Headline 1,Headline 1 position,Headline 2,Headline 2 position,Headline 3,Headline 3 position,Description 1,Description 1 position,Description 2,Description 2 position,Campaign,Ad group,Status,Ad type,Ad ID
Enabled,https://oriklinik.on.fleek.co,Aman tenang, --,Segera selesai, --,Cepat gᴜgᴜr kami bantu,1,"Pesan disini, hubungi sekarang, jangan diᴛᴜɴᴅᴀ lagi", --,"Dengan ini bisa selesaikan, Yang asʟɪ ᴘᴀsti ʙᴇʀᴇs", --,Campaign Tiga,fleek,Eligible,Responsive search ad,633089552371
Enabled,https://oriklinik.on.fleek.co,Tak perlu pusing, --,Segera selesai, --,Cepat gᴜgᴜr kami bantu,1,"Pesan disini, hubungi sekarang, jangan diᴛᴜɴᴅᴀ lagi", --,"Dengan ini bisa selesaikan, Yang asʟɪ ᴘᴀsti ʙᴇʀᴇs", --,Campaign Tiga,fleek,Eligible,Responsive search ad,633013750794
Enabled,https://oriklinik.on.fleek.co,Kembali ʙᴇʀsih sᴇɢᴇʀᴀ, --,Cepat bikin tenang, --,Segera gᴜgᴜr dan beres,1,"Pesan disini, hubungi sekarang, jangan diᴛᴜɴᴅᴀ lagi", --,Yang asʟɪ ᴘᴀsti ʙᴇʀᴇs. Dengan ini bisa selesaikan, --,Campaign Tiga,fleek,Eligible,Responsive search ad,633023965086
Enabled,https://oriklinik.netlify.app,Hanya yang asli pasti, --,ʙᴇʀᴇs ᴄᴇᴘat pakai ini, --,Pasti gᴜgᴜr cepat,1,"Hubungi kami sekarang, disᴋᴜsikan kondisi Anda pada kami, jangan diᴛᴜɴᴅᴀ lagi", --,Yang asʟɪ ᴘᴀsti ʙᴇʀᴇs. Dengan ini bisa selesaikan, --,Campaign Tiga,netlify,Eligible,Responsive search ad,633088560646
Enabled,https://oriklinik.netlify.app,Tak perlu pusing, --,Bersih dan tenang, --,Segera gᴜgᴜr dan beres,1,"Hubungi kami sekarang, proses cepat, jangan diᴛᴜɴᴅᴀ lagi", --,"Tak perlu was was lagi, Yang asʟɪ ᴘᴀsti ʙᴇʀᴇs", --,Campaign Tiga,netlify,Eligible,Responsive search ad,621746662292
Enabled,https://oriklinik.netlify.app,Hanya yang asli pasti, --,Cepat bikin tenang, --,Pasti gᴜgᴜr cepat,1,"Hubungi kami sekarang, disᴋᴜsikan kondisi Anda pada kami, jangan diᴛᴜɴᴅᴀ lagi", --,Yang asʟɪ ᴘᴀsti ʙᴇʀᴇs. Dengan ini bisa selesaikan, --,Campaign Tiga,netlify,Eligible,Responsive search ad,633145611785
Enabled,https://oriklinik.pages.dev,Kembali ʙᴇʀsih sᴇɢᴇʀᴀ, --,Cepat bikin tenang, --,Pembersih gᴜgᴜr terbaik,1,"Hubungi kami sekarang, disᴋᴜsikan kondisi Anda pada kami, jangan diᴛᴜɴᴅᴀ lagi", --,"Dengan ini bisa selesaikan, sudah banyak yang ʙᴇʀʜᴀsil", --,Campaign Tiga,pages,Eligible,Responsive search ad,633023451750
Enabled,https://oriklinik.pages.dev,Ini pasti berhasil, --,Bersih dan tenang, --,Pembersih gᴜgᴜr terbaik,1,"Hubungi kami sekarang, disᴋᴜsikan kondisi Anda pada kami, jangan diᴛᴜɴᴅᴀ lagi", --,Sudah banyak yang ʙᴇʀʜᴀsil. Tak perlu was was lagi, --,Campaign Tiga,pages,Eligible,Responsive search ad,633136528214
Enabled,https://oriklinik.pages.dev,Aman tenang, --,Bersih dan tenang, --,Pasti gᴜgᴜr cepat,1,Disᴋᴜsikan kondisi Anda pada kami. Pesan disini sekarang, --,Yang asʟɪ ᴘᴀsti ʙᴇʀᴇs. Dengan ini bisa selesaikan, --,Campaign Tiga,pages,Eligible,Responsive search ad,633089011417
Enabled,https://oriklinik.stormkit.dev,Kembali ʙᴇʀsih sᴇɢᴇʀᴀ, --,Bersih dan tenang, --,Pembersih gᴜgᴜr terbaik,1,"Pesan disini, hubungi kami, jangan diᴛᴜɴᴅᴀ lagi", --,Yang asʟɪ ᴘᴀsti ʙᴇʀᴇs. Dengan ini bisa selesaikan, --,Campaign Tiga,storm,Eligible,Responsive search ad,633089331082
Enabled,https://oriklinik.stormkit.dev,Tanpa masalah, --,Cepat bikin tenang, --,Pasti gᴜgᴜr cepat,1,"Pesan disini, hubungi kami, jangan diᴛᴜɴᴅᴀ lagi", --,"Yang asʟɪ ᴘᴀsti ʙᴇʀᴇs, sudah banyak yang ʙᴇʀʜᴀsil.", --,Campaign Tiga,storm,Eligible,Responsive search ad,633013750791
Enabled,https://oriklinik.stormkit.dev,Hanya yang asli pasti, --,Bersih dan tenang, --,Pembersihan yang cepat,1,"Hubungi kami sekarang, proses cepat, jangan diᴛᴜɴᴅᴀ lagi", --,Sudah banyak yang ʙᴇʀʜᴀsil. Tak perlu was was lagi, --,Campaign Tiga,storm,Eligible,Responsive search ad,633023744628
Enabled,https://oriklinik.on.fleek.co,Aman tenang, --,Segera selesai, --,Pasti gᴜgᴜr cepat,1,"Hubungi kami sekarang, disᴋᴜsikan kondisi Anda pada kami, jangan diᴛᴜɴᴅᴀ lagi", --,Sudah banyak yang ʙᴇʀʜᴀsil. Tak perlu was was lagi, --,Campaign Tiga #2,fleek,Eligible,Responsive search ad,633147827987
Enabled,https://oriklinik.on.fleek.co,Tak perlu pusing, --,Segera selesai, --,ᴘanik keʜᴀᴍɪʟan tak diharap,1,"Pesan disini, hubungi kami, jangan diᴛᴜɴᴅᴀ lagi", --,"Dengan ini bisa selesaikan, sudah banyak yang ʙᴇʀʜᴀsil", --,Campaign Tiga #2,fleek,Eligible,Responsive search ad,633147827996
Enabled,https://oriklinik.on.fleek.co,Tanpa masalah, --,Cepat bikin tenang, --,Cepat gᴜgᴜr kami bantu,1,Disᴋᴜsikan kondisi Anda pada kami. Pesan disini sekarang, --,"Dengan ini bisa selesaikan, sudah banyak yang ʙᴇʀʜᴀsil", --,Campaign Tiga #2,fleek,Eligible,Responsive search ad,633147827981
Enabled,https://oriklinik.netlify.app,Tak perlu pusing, --,Segera selesai, --,Cepat gᴜgᴜr kami bantu,1,Disᴋᴜsikan kondisi Anda pada kami. Pesan disini sekarang, --,Yang asʟɪ ᴘᴀsti ʙᴇʀᴇs. Dengan ini bisa selesaikan, --,Campaign Tiga #2,netlify,Eligible,Responsive search ad,633147827990
Enabled,https://oriklinik.netlify.app,Aman tenang, --,Cepat bikin tenang, --,Pembersihan yang cepat,1,"Pesan disini, disᴋᴜsikan kondisi Anda pada kami, proses cepat", --,"Tak perlu was was lagi, Yang asʟɪ ᴘᴀsti ʙᴇʀᴇs", --,Campaign Tiga #2,netlify,Eligible,Responsive search ad,633147827999
Enabled,https://oriklinik.netlify.app,Tanpa masalah, --,Segera selesai, --,Pembersih gᴜgᴜr terbaik,1,"Hubungi kami sekarang, proses cepat, jangan diᴛᴜɴᴅᴀ lagi", --,Sudah banyak yang ʙᴇʀʜᴀsil. Tak perlu was was lagi, --,Campaign Tiga #2,netlify,Eligible,Responsive search ad,633147828128
Enabled,https://oriklinik.pages.dev,Kembali ʙᴇʀsih sᴇɢᴇʀᴀ, --,ʙᴇʀᴇs ᴄᴇᴘat pakai ini, --,ᴘanik keʜᴀᴍɪʟan tak diharap,1,"Pesan disini, hubungi kami, jangan diᴛᴜɴᴅᴀ lagi", --,"Tak perlu was was lagi, Yang asʟɪ ᴘᴀsti ʙᴇʀᴇs", --,Campaign Tiga #2,pages,Eligible,Responsive search ad,633147828131
Enabled,https://oriklinik.pages.dev,Aman tenang, --,ʙᴇʀᴇs ᴄᴇᴘat pakai ini, --,ᴘanik keʜᴀᴍɪʟan tak diharap,1,"Hubungi kami sekarang, proses cepat, jangan diᴛᴜɴᴅᴀ lagi", --,"Dengan ini bisa selesaikan, Yang asʟɪ ᴘᴀsti ʙᴇʀᴇs", --,Campaign Tiga #2,pages,Eligible,Responsive search ad,633147827984
Enabled,https://oriklinik.pages.dev,Hanya yang asli pasti, --,Cepat bikin tenang, --,Segera gᴜgᴜr dan beres,1,"Hubungi kami sekarang, proses cepat, jangan diᴛᴜɴᴅᴀ lagi", --,"Yang asʟɪ ᴘᴀsti ʙᴇʀᴇs, sudah banyak yang ʙᴇʀʜᴀsil.", --,Campaign Tiga #2,pages,Eligible,Responsive search ad,633147828125
Enabled,https://oriklinik.stormkit.dev,Kembali ʙᴇʀsih sᴇɢᴇʀᴀ, --,Bersih dan tenang, --,ᴘanik keʜᴀᴍɪʟan tak diharap,1,"Hubungi kami sekarang, disᴋᴜsikan kondisi Anda pada kami, jangan diᴛᴜɴᴅᴀ lagi", --,"Tak perlu was was lagi, Yang asʟɪ ᴘᴀsti ʙᴇʀᴇs", --,Campaign Tiga #2,storm,Eligible,Responsive search ad,633147827993
Enabled,https://oriklinik.stormkit.dev,Tanpa masalah, --,ʙᴇʀᴇs ᴄᴇᴘat pakai ini, --,Segera gᴜgᴜr dan beres,1,"Pesan disini, hubungi kami, jangan diᴛᴜɴᴅᴀ lagi", --,"Yang asʟɪ ᴘᴀsti ʙᴇʀᴇs, sudah banyak yang ʙᴇʀʜᴀsil.", --,Campaign Tiga #2,storm,Eligible,Responsive search ad,633147827978
Enabled,https://oriklinik.stormkit.dev,Aman tenang, --,Segera selesai, --,Pembersihan yang cepat,1,"Pesan disini, hubungi kami, jangan diᴛᴜɴᴅᴀ lagi", --,"Yang asʟɪ ᴘᴀsti ʙᴇʀᴇs, sudah banyak yang ʙᴇʀʜᴀsil.", --,Campaign Tiga #2,storm,Eligible,Responsive search ad,633147828122
Enabled,https://oriklinik.on.fleek.co,Hanya yang asli pasti, --,Bersih dan tenang, --,Pembersih gᴜgᴜr terbaik,1,"Pesan disini, disᴋᴜsikan kondisi Anda pada kami, proses cepat", --,"Dengan ini bisa selesaikan, sudah banyak yang ʙᴇʀʜᴀsil", --,Campaign Tiga #3,fleek,Eligible,Responsive search ad,633024910962
Enabled,https://oriklinik.on.fleek.co,Hanya yang asli pasti, --,Cepat bikin tenang, --,ᴘanik keʜᴀᴍɪʟan tak diharap,1,"Pesan disini, disᴋᴜsikan kondisi Anda pada kami, proses cepat", --,"Yang asʟɪ ᴘᴀsti ʙᴇʀᴇs, sudah banyak yang ʙᴇʀʜᴀsil.", --,Campaign Tiga #3,fleek,Eligible,Responsive search ad,633024910950
Enabled,https://oriklinik.on.fleek.co,Kembali ʙᴇʀsih sᴇɢᴇʀᴀ, --,Cepat bikin tenang, --,Cepat gᴜgᴜr kami bantu,1,Disᴋᴜsikan kondisi Anda pada kami. Pesan disini sekarang, --,"Yang asʟɪ ᴘᴀsti ʙᴇʀᴇs, sudah banyak yang ʙᴇʀʜᴀsil.", --,Campaign Tiga #3,fleek,Eligible,Responsive search ad,633024910944
Enabled,https://oriklinik.netlify.app,Tak perlu pusing, --,Bersih dan tenang, --,ᴘanik keʜᴀᴍɪʟan tak diharap,1,"Pesan disini, hubungi sekarang, jangan diᴛᴜɴᴅᴀ lagi", --,"Dengan ini bisa selesaikan, sudah banyak yang ʙᴇʀʜᴀsil", --,Campaign Tiga #3,netlify,Eligible,Responsive search ad,633024910965
Enabled,https://oriklinik.netlify.app,Tanpa masalah, --,Bersih dan tenang, --,Segera gᴜgᴜr dan beres,1,"Pesan disini, disᴋᴜsikan kondisi Anda pada kami, proses cepat", --,"Dengan ini bisa selesaikan, Yang asʟɪ ᴘᴀsti ʙᴇʀᴇs", --,Campaign Tiga #3,netlify,Eligible,Responsive search ad,633024910956
Enabled,https://oriklinik.netlify.app,Tanpa masalah, --,Bersih dan tenang, --,ᴘanik keʜᴀᴍɪʟan tak diharap,1,"Hubungi kami sekarang, disᴋᴜsikan kondisi Anda pada kami, jangan diᴛᴜɴᴅᴀ lagi", --,Sudah banyak yang ʙᴇʀʜᴀsil. Tak perlu was was lagi, --,Campaign Tiga #3,netlify,Eligible,Responsive search ad,633024910971
Enabled,https://oriklinik.pages.dev,Kembali ʙᴇʀsih sᴇɢᴇʀᴀ, --,Cepat bikin tenang, --,Cepat gᴜgᴜr kami bantu,1,"Pesan disini, disᴋᴜsikan kondisi Anda pada kami, proses cepat", --,"Dengan ini bisa selesaikan, Yang asʟɪ ᴘᴀsti ʙᴇʀᴇs", --,Campaign Tiga #3,pages,Eligible,Responsive search ad,633024910977
Enabled,https://oriklinik.pages.dev,Ini pasti berhasil, --,Segera selesai, --,Pasti gᴜgᴜr cepat,1,"Hubungi kami sekarang, proses cepat, jangan diᴛᴜɴᴅᴀ lagi", --,Yang asʟɪ ᴘᴀsti ʙᴇʀᴇs. Dengan ini bisa selesaikan, --,Campaign Tiga #3,pages,Eligible,Responsive search ad,633024910953
Enabled,https://oriklinik.pages.dev,Ini pasti berhasil, --,Bersih dan tenang, --,Pembersih gᴜgᴜr terbaik,1,Disᴋᴜsikan kondisi Anda pada kami. Pesan disini sekarang, --,Yang asʟɪ ᴘᴀsti ʙᴇʀᴇs. Dengan ini bisa selesaikan, --,Campaign Tiga #3,pages,Eligible,Responsive search ad,633024910968
Enabled,https://oriklinik.stormkit.dev,Ini pasti berhasil, --,Segera selesai, --,Pasti gᴜgᴜr cepat,1,"Pesan disini, hubungi sekarang, jangan diᴛᴜɴᴅᴀ lagi", --,"Yang asʟɪ ᴘᴀsti ʙᴇʀᴇs, sudah banyak yang ʙᴇʀʜᴀsil.", --,Campaign Tiga #3,storm,Eligible,Responsive search ad,633024910959
Enabled,https://oriklinik.stormkit.dev,Tanpa masalah, --,ʙᴇʀᴇs ᴄᴇᴘat pakai ini, --,Pembersihan yang cepat,1,"Hubungi kami sekarang, proses cepat, jangan diᴛᴜɴᴅᴀ lagi", --,"Dengan ini bisa selesaikan, sudah banyak yang ʙᴇʀʜᴀsil", --,Campaign Tiga #3,storm,Eligible,Responsive search ad,633024910974
Enabled,https://oriklinik.stormkit.dev,Tak perlu pusing, --,ʙᴇʀᴇs ᴄᴇᴘat pakai ini, --,Pembersihan yang cepat,1,Disᴋᴜsikan kondisi Anda pada kami. Pesan disini sekarang, --,"Tak perlu was was lagi, Yang asʟɪ ᴘᴀsti ʙᴇʀᴇs", --,Campaign Tiga #3,storm,Eligible,Responsive search ad,633024910947
Enabled,https://oriklinik.on.fleek.co,Tanpa masalah, --,Cepat bikin tenang, --,Pembersih gᴜgᴜr terbaik,1,"Pesan disini, hubungi kami, jangan diᴛᴜɴᴅᴀ lagi", --,Sudah banyak yang ʙᴇʀʜᴀsil. Tak perlu was was lagi, --,Campaign Tiga #4,fleek,Eligible,Responsive search ad,633024910926
Enabled,https://oriklinik.on.fleek.co,Kembali ʙᴇʀsih sᴇɢᴇʀᴀ, --,Segera selesai, --,Cepat gᴜgᴜr kami bantu,1,"Pesan disini, hubungi kami, jangan diᴛᴜɴᴅᴀ lagi", --,Sudah banyak yang ʙᴇʀʜᴀsil. Tak perlu was was lagi, --,Campaign Tiga #4,fleek,Eligible,Responsive search ad,633024910791
Enabled,https://oriklinik.on.fleek.co,Ini pasti berhasil, --,Cepat bikin tenang, --,Segera gᴜgᴜr dan beres,1,"Pesan disini, disᴋᴜsikan kondisi Anda pada kami, proses cepat", --,"Dengan ini bisa selesaikan, sudah banyak yang ʙᴇʀʜᴀsil", --,Campaign Tiga #4,fleek,Eligible,Responsive search ad,633024910788
Enabled,https://oriklinik.netlify.app,Aman tenang, --,Segera selesai, --,ᴘanik keʜᴀᴍɪʟan tak diharap,1,"Pesan disini, hubungi sekarang, jangan diᴛᴜɴᴅᴀ lagi", --,"Tak perlu was was lagi, Yang asʟɪ ᴘᴀsti ʙᴇʀᴇs", --,Campaign Tiga #4,netlify,Eligible,Responsive search ad,633024910938
Enabled,https://oriklinik.netlify.app,Aman tenang, --,ʙᴇʀᴇs ᴄᴇᴘat pakai ini, --,Pembersihan yang cepat,1,"Pesan disini, disᴋᴜsikan kondisi Anda pada kami, proses cepat", --,"Dengan ini bisa selesaikan, sudah banyak yang ʙᴇʀʜᴀsil", --,Campaign Tiga #4,netlify,Eligible,Responsive search ad,633024910929
Enabled,https://oriklinik.netlify.app,Hanya yang asli pasti, --,ʙᴇʀᴇs ᴄᴇᴘat pakai ini, --,Pembersihan yang cepat,1,"Hubungi kami sekarang, proses cepat, jangan diᴛᴜɴᴅᴀ lagi", --,"Tak perlu was was lagi, Yang asʟɪ ᴘᴀsti ʙᴇʀᴇs", --,Campaign Tiga #4,netlify,Eligible,Responsive search ad,633024910797
Enabled,https://oriklinik.pages.dev,Tak perlu pusing, --,ʙᴇʀᴇs ᴄᴇᴘat pakai ini, --,Pembersih gᴜgᴜr terbaik,1,"Pesan disini, disᴋᴜsikan kondisi Anda pada kami, proses cepat", --,"Dengan ini bisa selesaikan, Yang asʟɪ ᴘᴀsti ʙᴇʀᴇs", --,Campaign Tiga #4,pages,Eligible,Responsive search ad,633024910920
Enabled,https://oriklinik.pages.dev,Ini pasti berhasil, --,Segera selesai, --,Cepat gᴜgᴜr kami bantu,1,"Hubungi kami sekarang, disᴋᴜsikan kondisi Anda pada kami, jangan diᴛᴜɴᴅᴀ lagi", --,"Dengan ini bisa selesaikan, Yang asʟɪ ᴘᴀsti ʙᴇʀᴇs", --,Campaign Tiga #4,pages,Eligible,Responsive search ad,633024910794
Enabled,https://oriklinik.pages.dev,Hanya yang asli pasti, --,Bersih dan tenang, --,Pasti gᴜgᴜr cepat,1,"Pesan disini, hubungi sekarang, jangan diᴛᴜɴᴅᴀ lagi", --,Sudah banyak yang ʙᴇʀʜᴀsil. Tak perlu was was lagi, --,Campaign Tiga #4,pages,Eligible,Responsive search ad,633024910941
Enabled,https://oriklinik.stormkit.dev,Ini pasti berhasil, --,ʙᴇʀᴇs ᴄᴇᴘat pakai ini, --,Segera gᴜgᴜr dan beres,1,Disᴋᴜsikan kondisi Anda pada kami. Pesan disini sekarang, --,"Tak perlu was was lagi, Yang asʟɪ ᴘᴀsti ʙᴇʀᴇs", --,Campaign Tiga #4,storm,Eligible,Responsive search ad,633024910935
Enabled,https://oriklinik.stormkit.dev,Tak perlu pusing, --,ʙᴇʀᴇs ᴄᴇᴘat pakai ini, --,Pembersihan yang cepat,1,"Pesan disini, hubungi sekarang, jangan diᴛᴜɴᴅᴀ lagi", --,"Yang asʟɪ ᴘᴀsti ʙᴇʀᴇs, sudah banyak yang ʙᴇʀʜᴀsil.", --,Campaign Tiga #4,storm,Eligible,Responsive search ad,633024910923
Enabled,https://oriklinik.stormkit.dev,Ini pasti berhasil, --,ʙᴇʀᴇs ᴄᴇᴘat pakai ini, --,Segera gᴜgᴜr dan beres,1,Disᴋᴜsikan kondisi Anda pada kami. Pesan disini sekarang, --,"Dengan ini bisa selesaikan, Yang asʟɪ ᴘᴀsti ʙᴇʀᴇs", --,Campaign Tiga #4,storm,Eligible,Responsive search ad,633024910932
